Subject Number, pt1, pt2, pt3, pt4, pt5, pt6, pt7, pt8, pt9, pt10, pt11, pt12, pt13, pt14, pt15, pt16, pt17, pt18, pt19, pt20, pt21, pt22, pt23, pt24, pt25, pt26, pt27, pt28, pt29, pt30, pt31, pt32, pt33, pt34, pt35, pt36, pt37, pt38, pt39, pt40, pt41, pt42, pt43, pt44, pt45, pt46, pt47, pt48, pt49, pt50, pt51, pt52, pt53, pt54, pt55, pt56, pt57, pt58, pt59, pt60, pt61, pt62, pt63, pt64, pt65, pt66, pt67, pt68, pt69, pt70, pt71, pt72, pt73, pt74, pt75, pt76, pt77, pt78, pt79, pt80, pt81, pt82, pt83, pt84, pt85, pt86, pt87, pt88, pt89, pt90, pt91, pt92, pt93, pt94, pt95, pt96, pt97, pt98, pt99, pt100, pt101, pt102, pt103, pt104, pt105, pt106, pt107, pt108, pt109, pt110, pt111, pt112, pt113, pt114, pt115, pt116, pt117, pt118, pt119, pt120, pt121, pt122, pt123, pt124, pt125, pt126, pt127, pt128, pt129, pt130, pt131, pt132, pt133, pt134, pt135, pt136, pt137, pt138, pt139, pt140, pt141, pt142, pt143, pt144, pt145, pt146, pt147, pt148, pt149, pt150, pt151, pt152, pt153, pt154, pt155, pt156, pt157, pt158, pt159, pt160, pt161, pt162, pt163, pt164, pt165, pt166, pt167, pt168, pt169, pt170, pt171, pt172, pt173, pt174, pt175, pt176, pt177, pt178, pt179, pt180, pt181, pt182, pt183, pt184, pt185, pt186, pt187, pt188, pt189, pt190, pt191, pt192, pt193, pt194, pt195, pt196, pt197, pt198, pt199, pt200, pt201, pt202, pt203, pt204, pt205, pt206, pt207, pt208, pt209, pt210, pt211, pt212, pt213, pt214, pt215, pt216, pt217, pt218, pt219, pt220, pt221, pt222, pt223, pt224, pt225, pt226, pt227, pt228, pt229, pt230, pt231, pt232, pt233, pt234, pt235, pt236, pt237, pt238, pt239, pt240, pt241, pt242, pt243, pt244, pt245, pt246, pt247, pt248, pt249, pt250, pt251, pt252, pt253, pt254, pt255, pt256, pt257, pt258, pt259, pt260, pt261, pt262, pt263, pt264, pt265, pt266, pt267, pt268, pt269, pt270, pt271, pt272, pt273, pt274, pt275, pt276, pt277, pt278, pt279, pt280, pt281, pt282, pt283, pt284, pt285, pt286, pt287, pt288, pt289, pt290, pt291, pt292, pt293, pt294, pt295, pt296, pt297, pt298, pt299, pt300, pt301, pt302, pt303, pt304, pt305, pt306, pt307, pt308, pt309, pt310, pt311, pt312, pt313, pt314, pt315, pt316, pt317, pt318, pt319, pt320, pt321, pt322, pt323, pt324, pt325, pt326, pt327, pt328, pt329, pt330, pt331, pt332, pt333, pt334, pt335, pt336, pt337, pt338, pt339, pt340, pt341, pt342, pt343, pt344, pt345, pt346, pt347, pt348, pt349, pt350, pt351, pt352, pt353, pt354, pt355, pt356, pt357, pt358, pt359, pt360, pt361, pt362, pt363, pt364, pt365, pt366, pt367, pt368, pt369, pt370, pt371, pt372, pt373, pt374, pt375, pt376, pt377, pt378, pt379, pt380, pt381, pt382, pt383, pt384, pt385, pt386, pt387, pt388, pt389, pt390, pt391, pt392, pt393, pt394, pt395, pt396, pt397, pt398, pt399, pt400, pt401, pt402, pt403, pt404, pt405, pt406, pt407, pt408, pt409, pt410, pt411, pt412, pt413, pt414, pt415, pt416, pt417, pt418, pt419, pt420, pt421, pt422, pt423, pt424, pt425, pt426, pt427, pt428, pt429, pt430, pt431, pt432, pt433, pt434, pt435, pt436, pt437, pt438, pt439, pt440, pt441, pt442, pt443, pt444, pt445, pt446, pt447, pt448, pt449, pt450, pt451, pt452, pt453, pt454, pt455, pt456, pt457, pt458, pt459, pt460, pt461, pt462, pt463, pt464, pt465, pt466, pt467, pt468, pt469, pt470, pt471, pt472, pt473, pt474, pt475, pt476, pt477, pt478, pt479, pt480, pt481, pt482, pt483, pt484, pt485, pt486
244,74.999,75.035,75.401,76.11,76.97,77.808,78.569,79.263,79.914,80.537,81.135,81.709,82.247,82.737,83.169,83.55,83.89,84.201,84.486,84.746,84.986,85.213,85.433,85.648,85.858,86.061,86.259,86.456,86.655,86.855,87.061,87.275,87.502,87.744,88.004,88.276,88.555,88.834,89.109,89.376,89.634,89.887,90.133,90.373,90.606,90.832,91.049,91.258,91.457,91.646,91.824,91.988,92.141,92.281,92.409,92.525,92.63,92.725,92.811,92.889,92.961,93.028,93.094,93.16,93.23,93.303,93.383,93.47,93.564,93.666,93.773,93.887,94.006,94.127,94.251,94.375,94.498,94.619,94.736,94.849,94.957,95.059,95.155,95.244,95.327,95.404,95.476,95.543,95.605,95.664,95.72,95.774,95.826,95.878,95.931,95.985,96.041,96.099,96.16,96.224,96.292,96.363,96.438,96.517,96.598,96.681,96.768,96.856,96.945,97.034,97.124,97.214,97.302,97.389,97.474,97.557,97.638,97.715,97.79,97.863,97.933,98.0,98.065,98.127,98.188,98.248,98.305,98.362,98.417,98.472,98.526,98.579,98.63,98.681,98.73,98.777,98.822,98.865,98.905,98.941,98.973,99.0,99.021,99.037,99.046,99.048,99.041,99.026,99.002,98.968,98.924,98.869,98.801,98.721,98.629,98.523,98.403,98.267,98.116,97.949,97.765,97.563,97.345,97.086,96.942,96.752,96.556,96.357,96.154,95.957,95.775,95.626,95.538,95.539,95.656,95.905,96.193,96.409,96.49,96.449,96.36,96.275,96.179,96.077,95.968,95.849,95.719,95.584,95.445,95.307,95.168,95.025,94.878,94.732,94.59,94.451,94.317,94.188,94.065,93.951,93.847,93.753,93.666,93.588,93.516,93.452,93.392,93.334,93.275,93.214,93.149,93.081,93.011,92.94,92.866,92.793,92.719,92.643,92.566,92.487,92.405,92.322,92.237,92.15,92.063,91.976,91.888,91.801,91.715,91.632,91.551,91.473,91.399,91.331,91.266,91.207,91.152,91.101,91.054,91.009,90.965,90.922,90.878,90.832,90.786,90.737,90.686,90.632,90.576,90.517,90.456,90.391,90.323,90.254,90.182,90.108,90.033,89.956,89.879,89.801,89.723,89.645,89.566,89.489,89.412,89.337,89.262,89.188,89.115,89.043,88.97,88.899,88.827,88.756,88.684,88.611,88.539,88.465,88.39,88.314,88.236,88.158,88.078,87.996,87.913,87.83,87.744,87.658,87.57,87.481,87.392,87.303,87.213,87.122,87.033,86.943,86.853,86.764,86.675,86.587,86.5,86.413,86.326,86.241,86.157,86.072,85.988,85.905,85.823,85.741,85.659,85.577,85.496,85.414,85.333,85.251,85.17,85.088,85.007,84.925,84.844,84.762,84.68,84.599,84.517,84.435,84.354,84.272,84.191,84.109,84.028,83.947,83.866,83.786,83.705,83.625,83.545,83.465,83.385,83.306,83.227,83.147,83.068,82.99,82.91,82.832,82.753,82.674,82.596,82.517,82.438,82.36,82.28,82.202,82.123,82.044,81.965,81.887,81.807,81.728,81.65,81.57,81.491,81.413,81.333,81.254,81.176,81.097,81.018,80.94,80.861,80.783,80.704,80.626,80.547,80.47,80.391,80.313,80.235,80.157,80.079,80.002,79.925,79.848,79.77,79.693,79.617,79.54,79.463,79.387,79.31,79.235,79.159,79.083,79.008,78.932,78.857,78.782,78.707,78.633,78.559,78.485,78.411,78.338,78.264,78.19,78.117,78.045,77.972,77.9,77.827,77.755,77.683,77.611,77.54,77.468,77.397,77.326,77.255,77.184,77.113,77.043,76.973,76.902,76.832,76.763,76.692,76.623,76.554,76.484,76.415,76.347,76.277,76.209,76.14,76.072,76.004,75.936,75.869,75.801,75.733,75.666,75.599,75.532,75.465,75.399,75.332,75.266,75.2,75.134,75.066,,,,,,,,,,,,,,,,,,,,,,,,,,,,,,,,,,,
327,66.063,66.202,67.065,68.757,70.877,73.008,74.963,76.751,78.422,80.005,81.523,82.973,84.339,85.612,86.796,87.905,88.974,90.043,91.149,92.323,93.586,94.932,96.332,97.755,99.175,100.58,101.97,103.33,104.64,105.89,107.08,108.19,109.22,110.18,111.07,111.91,112.72,113.52,114.32,115.14,115.99,116.87,117.78,118.71,119.66,120.61,121.57,122.52,123.44,124.34,125.21,126.04,126.83,127.58,128.3,128.98,129.63,130.25,130.85,131.42,131.97,132.5,133.01,133.49,133.96,134.4,134.82,135.22,135.59,135.95,136.28,136.6,136.91,137.2,137.48,137.75,138.01,138.27,138.52,138.77,139.02,139.27,139.51,139.75,139.98,140.21,140.43,140.65,140.86,141.05,141.24,141.41,141.57,141.72,141.86,141.99,142.11,142.22,142.32,142.4,142.48,142.55,142.61,142.65,142.69,142.72,142.73,142.74,142.73,142.72,142.7,142.67,142.63,142.59,142.54,142.48,142.42,142.35,142.29,142.21,142.14,142.06,141.98,141.89,141.8,141.7,141.6,141.5,141.39,141.27,141.14,141.0,140.86,140.7,140.54,140.36,140.17,139.96,139.74,139.5,139.24,138.97,138.67,138.35,138.01,137.64,137.24,136.81,136.34,135.84,135.3,134.72,134.1,133.43,132.71,131.96,131.37,130.73,130.06,129.37,128.68,128.02,127.42,126.94,126.69,126.75,127.16,127.77,128.24,128.32,128.05,127.64,127.21,126.77,126.32,125.87,125.42,124.99,124.59,124.24,123.94,123.69,123.49,123.33,123.18,123.03,122.84,122.61,122.35,122.06,121.76,121.45,121.11,120.74,120.34,119.93,119.5,119.07,118.66,118.27,117.92,117.62,117.34,117.09,116.85,116.61,116.37,116.13,115.88,115.62,115.35,115.07,114.78,114.49,114.19,113.89,113.6,113.3,113.01,112.72,112.44,112.15,111.86,111.57,111.28,110.99,110.69,110.39,110.09,109.79,109.48,109.18,108.87,108.56,108.26,107.96,107.66,107.37,107.08,106.8,106.52,106.24,105.97,105.69,105.43,105.16,104.89,104.63,104.36,104.1,103.84,103.57,103.31,103.05,102.78,102.52,102.26,102.01,101.75,101.49,101.24,100.99,100.74,100.49,100.24,99.987,99.737,99.488,99.238,98.988,98.737,98.486,98.236,97.986,97.735,97.486,97.238,96.99,96.744,96.499,96.257,96.015,95.776,95.538,95.302,95.066,94.833,94.6,94.369,94.139,93.91,93.682,93.454,93.228,93.003,92.779,92.556,92.333,92.112,91.892,91.672,91.454,91.237,91.021,90.805,90.591,90.377,90.164,89.953,89.742,89.531,89.321,89.113,88.905,88.697,88.491,88.285,88.079,87.876,87.672,87.469,87.267,87.066,86.866,86.667,86.468,86.27,86.073,85.876,85.681,85.487,85.292,85.099,84.907,84.715,84.524,84.333,84.143,83.954,83.766,83.578,83.391,83.205,83.02,82.835,82.65,82.466,82.283,82.101,81.919,81.738,81.557,81.377,81.197,81.019,80.841,80.663,80.486,80.31,80.135,79.96,79.786,79.612,79.439,79.266,79.095,78.923,78.753,78.583,78.414,78.244,78.077,77.909,77.742,77.576,77.41,77.245,77.081,76.917,76.753,76.591,76.428,76.267,76.106,75.946,75.786,75.627,75.469,75.31,75.153,74.996,74.84,74.684,74.529,74.374,74.22,74.067,73.914,73.761,73.61,73.458,73.308,73.157,73.008,72.859,72.71,72.563,72.415,72.268,72.122,71.976,71.831,71.686,71.542,71.398,71.255,71.113,70.971,70.829,70.688,70.548,70.408,70.269,70.13,69.991,69.853,69.716,69.579,69.443,69.307,69.172,69.037,68.903,68.769,68.636,68.503,68.371,68.239,68.108,67.977,67.847,67.717,67.587,67.459,67.33,67.202,67.075,66.948,66.821,66.695,66.57,66.444,66.319,66.191,,,,,,,,,,,,,,,,,,,,,,,,,,,,,,,,
440,79.713,79.898,80.489,81.395,82.393,83.335,84.188,84.975,85.719,86.435,87.121,87.764,88.362,88.908,89.397,89.831,90.226,90.596,90.95,91.302,91.667,92.055,92.472,92.927,93.423,93.954,94.505,95.059,95.606,96.142,96.669,97.189,97.705,98.212,98.706,99.179,99.627,100.05,100.44,100.82,101.17,101.52,101.86,102.2,102.56,102.93,103.31,103.72,104.13,104.55,104.97,105.39,105.8,106.2,106.58,106.95,107.3,107.64,107.96,108.26,108.54,108.81,109.08,109.34,109.61,109.88,110.16,110.45,110.75,111.07,111.39,111.72,112.06,112.4,112.74,113.08,113.41,113.73,114.05,114.35,114.65,114.93,115.2,115.45,115.7,115.95,116.19,116.42,116.65,116.88,117.11,117.34,117.56,117.79,118.01,118.22,118.44,118.64,118.84,119.03,119.21,119.38,119.54,119.69,119.83,119.96,120.08,120.19,120.29,120.38,120.47,120.55,120.62,120.69,120.75,120.81,120.86,120.91,120.94,120.98,121.0,121.02,121.03,121.04,121.03,121.02,121.0,120.97,120.93,120.89,120.84,120.78,120.71,120.64,120.55,120.46,120.37,120.26,120.14,120.02,119.88,119.74,119.58,119.4,119.22,119.01,118.79,118.56,118.3,118.02,117.72,117.39,117.13,116.85,116.56,116.26,115.96,115.68,115.43,115.24,115.17,115.25,115.54,115.97,116.35,116.52,116.5,116.38,116.26,116.12,115.97,115.8,115.62,115.44,115.26,115.07,114.88,114.7,114.54,114.38,114.25,114.14,114.05,113.98,113.93,113.88,113.82,113.75,113.66,113.55,113.44,113.32,113.19,113.06,112.91,112.75,112.59,112.41,112.23,112.05,111.87,111.7,111.54,111.39,111.25,111.13,111.02,110.9,110.78,110.66,110.53,110.39,110.24,110.08,109.92,109.75,109.58,109.4,109.22,109.03,108.86,108.68,108.51,108.35,108.2,108.05,107.91,107.78,107.66,107.53,107.41,107.29,107.16,107.03,106.9,106.77,106.63,106.49,106.34,106.2,106.05,105.9,105.76,105.61,105.47,105.33,105.2,105.06,104.93,104.81,104.69,104.57,104.45,104.33,104.22,104.1,103.98,103.86,103.74,103.62,103.5,103.37,103.25,103.12,102.99,102.86,102.73,102.61,102.48,102.35,102.22,102.09,101.96,101.83,101.71,101.58,101.45,101.32,101.19,101.06,100.93,100.79,100.66,100.52,100.39,100.25,100.11,99.975,99.837,99.699,99.561,99.423,99.286,99.149,99.013,98.878,98.743,98.609,98.475,98.342,98.21,98.077,97.946,97.815,97.685,97.556,97.427,97.299,97.171,97.045,96.918,96.793,96.669,96.545,96.423,96.301,96.18,96.059,95.939,95.82,95.701,95.582,95.464,95.347,95.23,95.112,94.995,94.878,94.762,94.645,94.529,94.413,94.296,94.18,94.065,93.949,93.834,93.719,93.605,93.49,93.376,93.262,93.148,93.035,92.922,92.808,92.695,92.582,92.47,92.357,92.245,92.133,92.021,91.909,91.797,91.686,91.573,91.462,91.351,91.239,91.129,91.017,90.907,90.796,90.686,90.576,90.466,90.356,90.247,90.137,90.028,89.919,89.811,89.702,89.593,89.486,89.377,89.27,89.162,89.054,88.947,88.84,88.733,88.627,88.52,88.414,88.309,88.203,88.097,87.992,87.887,87.783,87.678,87.574,87.47,87.367,87.264,87.16,87.057,86.954,86.852,86.75,86.647,86.546,86.444,86.342,86.242,86.141,86.04,85.939,85.839,85.739,85.639,85.539,85.439,85.339,85.24,85.14,85.042,84.943,84.844,84.745,84.647,84.548,84.45,84.352,84.254,84.156,84.058,83.96,83.863,83.765,83.668,83.571,83.474,83.377,83.281,83.184,83.087,82.991,82.894,82.799,82.703,82.607,82.511,82.416,82.32,82.225,82.13,82.035,81.941,81.846,81.751,81.657,81.563,81.469,81.375,81.281,81.188,81.095,81.002,80.909,80.816,80.723,80.631,80.539,80.446,80.355,80.263,80.172,80.08,79.989,79.897,79.804,,,,,,,,,,,,
762,66.675,67.005,67.904,69.17,70.479,71.682,72.772,73.782,74.739,75.657,76.54,77.371,78.13,78.807,79.409,79.948,80.441,80.894,81.313,81.705,82.073,82.429,82.776,83.117,83.452,83.779,84.101,84.421,84.742,85.067,85.399,85.741,86.097,86.471,86.858,87.256,87.657,88.054,88.44,88.814,89.176,89.525,89.859,90.179,90.484,90.774,91.049,91.306,91.545,91.766,91.966,92.145,92.303,92.437,92.549,92.638,92.705,92.751,92.776,92.782,92.77,92.744,92.705,92.658,92.607,92.554,92.504,92.459,92.422,92.397,92.382,92.382,92.394,92.42,92.46,92.511,92.573,92.644,92.722,92.806,92.894,92.985,93.075,93.166,93.254,93.339,93.42,93.496,93.567,93.633,93.693,93.747,93.795,93.838,93.875,93.908,93.935,93.959,93.978,93.994,94.007,94.017,94.026,94.032,94.037,94.041,94.044,94.046,94.049,94.051,94.054,94.056,94.058,94.06,94.06,94.06,94.059,94.055,94.05,94.041,94.028,94.012,93.99,93.963,93.931,93.892,93.847,93.794,93.734,93.665,93.589,93.504,93.409,93.305,93.191,93.066,92.929,92.78,92.618,92.44,92.247,92.038,91.81,91.562,91.292,90.998,90.681,90.33,90.047,89.777,89.478,89.177,88.881,88.603,88.375,88.242,88.27,88.532,89.064,89.744,90.284,90.532,90.542,90.52,90.499,90.457,90.404,90.336,90.25,90.148,90.04,89.933,89.826,89.715,89.597,89.472,89.345,89.221,89.101,88.986,88.877,88.777,88.689,88.616,88.555,88.503,88.459,88.423,88.393,88.37,88.349,88.328,88.302,88.271,88.235,88.194,88.149,88.099,88.047,87.99,87.931,87.867,87.801,87.73,87.653,87.57,87.481,87.386,87.284,87.176,87.062,86.942,86.818,86.69,86.561,86.429,86.298,86.169,86.043,85.921,85.804,85.693,85.588,85.489,85.396,85.308,85.226,85.148,85.074,85.003,84.934,84.868,84.803,84.739,84.676,84.613,84.55,84.486,84.422,84.358,84.294,84.229,84.163,84.098,84.032,83.966,83.9,83.834,83.769,83.705,83.641,83.578,83.516,83.455,83.395,83.336,83.278,83.222,83.166,83.112,83.057,83.004,82.952,82.9,82.848,82.797,82.745,82.694,82.642,82.59,82.538,82.485,82.431,82.377,82.322,82.265,82.208,82.149,82.09,82.03,81.968,81.906,81.842,81.778,81.713,81.648,81.582,81.515,81.448,81.381,81.314,81.246,81.178,81.11,81.043,80.976,80.908,80.84,80.773,80.706,80.638,80.571,80.504,80.437,80.37,80.303,80.235,80.167,80.099,80.031,79.963,79.893,79.824,79.754,79.684,79.613,79.542,79.47,79.398,79.325,79.252,79.178,79.104,79.029,78.955,78.88,78.804,78.728,78.652,78.575,78.498,78.421,78.344,78.266,78.189,78.111,78.033,77.955,77.877,77.798,77.72,77.641,77.562,77.483,77.404,77.324,77.245,77.164,77.084,77.003,76.922,76.841,76.759,76.677,76.595,76.513,76.429,76.346,76.263,76.179,76.095,76.011,75.927,75.842,75.757,75.672,75.587,75.502,75.417,75.332,75.247,75.162,75.077,74.992,74.907,74.822,74.737,74.652,74.567,74.483,74.398,74.314,74.23,74.145,74.061,73.978,73.894,73.81,73.727,73.644,73.56,73.477,73.395,73.312,73.23,73.147,73.065,72.983,72.902,72.82,72.739,72.658,72.577,72.496,72.416,72.336,72.256,72.176,72.097,72.017,71.939,71.86,71.782,71.703,71.626,71.548,71.471,71.394,71.317,71.241,71.165,71.089,71.013,70.938,70.863,70.788,70.713,70.639,70.565,70.491,70.417,70.344,70.271,70.198,70.125,70.053,69.981,69.909,69.838,69.766,69.695,69.624,69.554,69.483,69.413,69.343,69.274,69.205,69.135,69.067,68.998,68.93,68.862,68.794,68.726,68.659,68.592,68.525,68.458,68.392,68.325,68.26,68.194,68.128,68.063,67.998,67.933,67.869,67.804,67.74,67.676,67.612,67.549,67.486,67.423,67.36,67.297,67.235,67.172,67.11,67.048,66.987,66.925,66.864,66.802,66.738
922,70.9,70.936,71.355,72.164,73.114,74.013,74.821,75.561,76.258,76.92,77.556,78.165,78.735,79.253,79.709,80.107,80.458,80.776,81.068,81.341,81.597,81.835,82.058,82.271,82.475,82.673,82.86,83.034,83.197,83.351,83.502,83.658,83.822,83.995,84.178,84.367,84.564,84.769,84.979,85.194,85.413,85.637,85.861,86.083,86.302,86.516,86.724,86.923,87.112,87.29,87.456,87.612,87.756,87.887,88.007,88.115,88.21,88.293,88.365,88.426,88.476,88.514,88.544,88.565,88.579,88.586,88.587,88.585,88.581,88.576,88.57,88.566,88.565,88.566,88.572,88.585,88.602,88.626,88.657,88.694,88.737,88.784,88.836,88.891,88.948,89.007,89.066,89.124,89.18,89.234,89.283,89.329,89.371,89.407,89.439,89.464,89.485,89.501,89.512,89.519,89.521,89.52,89.516,89.51,89.503,89.495,89.486,89.478,89.472,89.467,89.463,89.463,89.467,89.473,89.483,89.497,89.515,89.537,89.563,89.592,89.625,89.661,89.699,89.739,89.781,89.822,89.864,89.906,89.946,89.984,90.019,90.051,90.079,90.102,90.119,90.132,90.137,90.137,90.128,90.112,90.088,90.055,90.014,89.962,89.9,89.828,89.744,89.648,89.539,89.415,89.278,89.126,88.956,88.768,88.559,88.409,88.31,88.172,88.036,87.902,87.773,87.664,87.594,87.598,87.71,87.965,88.344,88.741,88.996,89.104,89.093,89.1,89.097,89.081,89.056,89.023,88.977,88.919,88.851,88.779,88.703,88.625,88.541,88.45,88.354,88.253,88.149,88.045,87.941,87.837,87.733,87.633,87.536,87.444,87.358,87.276,87.196,87.119,87.043,86.972,86.901,86.833,86.762,86.689,86.613,86.532,86.448,86.361,86.271,86.178,86.082,85.985,85.885,85.783,85.679,85.573,85.465,85.354,85.241,85.125,85.008,84.888,84.768,84.646,84.522,84.4,84.276,84.153,84.031,83.911,83.792,83.675,83.561,83.451,83.344,83.241,83.141,83.045,82.953,82.864,82.778,82.694,82.612,82.533,82.455,82.379,82.303,82.228,82.154,82.08,82.006,81.932,81.858,81.784,81.71,81.636,81.562,81.488,81.414,81.341,81.268,81.196,81.125,81.054,80.985,80.917,80.85,80.785,80.721,80.659,80.599,80.54,80.483,80.428,80.374,80.322,80.271,80.222,80.174,80.127,80.082,80.037,79.992,79.948,79.905,79.861,79.818,79.774,79.73,79.685,79.639,79.594,79.547,79.5,79.451,79.402,79.352,79.3,79.249,79.196,79.142,79.088,79.033,78.977,78.92,78.863,78.805,78.747,78.688,78.629,78.57,78.51,78.449,78.39,78.328,78.268,78.206,78.144,78.082,78.02,77.958,77.894,77.831,77.767,77.703,77.638,77.572,77.506,77.44,77.372,77.305,77.236,77.167,77.098,77.028,76.957,76.886,76.814,76.741,76.668,76.595,76.52,76.445,76.37,76.294,76.218,76.141,76.064,75.986,75.908,75.83,75.751,75.672,75.593,75.512,75.432,75.352,75.271,75.19,75.109,75.028,74.946,74.864,74.782,74.7,74.618,74.536,74.453,74.37,74.287,74.205,74.122,74.039,73.956,73.873,73.79,73.707,73.624,73.541,73.458,73.375,73.292,73.21,73.127,73.045,72.963,72.881,72.799,72.718,72.636,72.555,72.474,72.393,72.313,72.233,72.153,72.074,71.994,71.915,71.837,71.759,71.681,71.603,71.526,71.449,71.373,71.297,71.221,71.146,71.071,70.998,70.948,,,,,,,,,,,,,,,,,,,,,,,,,,,,,,,,,,,,,,,,,,,,,,,,,,,,,,,,,,,,,,,,,,,,,,,,,,
932,79.473,79.494,79.93,80.788,81.806,82.776,83.65,84.447,85.193,85.903,86.585,87.236,87.842,88.387,88.864,89.282,89.652,89.987,90.294,90.577,90.839,91.082,91.312,91.536,91.753,91.963,92.163,92.353,92.536,92.718,92.904,93.096,93.298,93.511,93.737,93.975,94.224,94.481,94.742,95.002,95.256,95.506,95.75,95.985,96.211,96.428,96.632,96.823,97.002,97.166,97.316,97.451,97.569,97.673,97.761,97.833,97.891,97.934,97.964,97.982,97.989,97.985,97.975,97.958,97.937,97.914,97.89,97.869,97.85,97.837,97.829,97.827,97.834,97.849,97.872,97.903,97.94,97.983,98.032,98.084,98.138,98.193,98.247,98.299,98.348,98.394,98.433,98.468,98.496,98.517,98.532,98.541,98.543,98.54,98.532,98.52,98.504,98.485,98.465,98.444,98.422,98.401,98.381,98.364,98.349,98.338,98.331,98.327,98.328,98.334,98.344,98.358,98.376,98.397,98.421,98.448,98.475,98.504,98.531,98.558,98.582,98.603,98.619,98.63,98.635,98.633,98.622,98.602,98.572,98.531,98.478,98.413,98.334,98.241,98.131,98.005,97.86,97.697,97.513,97.308,97.078,96.825,96.54,96.434,96.26,96.08,95.904,95.735,95.588,95.491,95.486,95.63,95.968,96.457,96.9,97.137,97.197,97.198,97.214,97.212,97.2,97.178,97.142,97.09,97.025,96.954,96.88,96.803,96.717,96.623,96.52,96.413,96.303,96.192,96.082,95.971,95.862,95.757,95.658,95.565,95.479,95.395,95.314,95.236,95.162,95.091,95.02,94.947,94.87,94.788,94.701,94.609,94.512,94.413,94.309,94.201,94.09,93.976,93.86,93.74,93.616,93.489,93.357,93.222,93.083,92.942,92.798,92.651,92.503,92.353,92.202,92.053,91.903,91.755,91.609,91.466,91.327,91.192,91.061,90.934,90.812,90.694,90.58,90.469,90.361,90.256,90.152,90.051,89.95,89.85,89.751,89.653,89.553,89.454,89.356,89.256,89.157,89.058,88.958,88.859,88.76,88.662,88.564,88.468,88.372,88.278,88.185,88.095,88.006,87.92,87.835,87.753,87.674,87.597,87.523,87.451,87.381,87.314,87.25,87.186,87.125,87.066,87.008,86.95,86.895,86.839,86.784,86.73,86.675,86.621,86.565,86.51,86.454,86.397,86.34,86.282,86.223,86.163,86.102,86.04,85.978,85.914,85.85,85.785,85.719,85.654,85.586,85.52,85.452,85.384,85.316,85.247,85.178,85.109,85.039,84.969,84.899,84.829,84.758,84.686,84.614,84.542,84.469,84.395,84.321,84.247,84.17,84.094,84.017,83.939,83.86,83.781,83.7,83.619,83.536,83.453,83.37,83.285,83.2,83.114,83.027,82.939,82.851,82.762,82.672,82.582,82.49,82.399,82.307,82.214,82.121,82.027,81.933,81.838,81.743,81.647,81.552,81.455,81.359,81.262,81.164,81.066,80.968,80.87,80.772,80.673,80.574,80.475,80.376,80.276,80.177,80.077,79.977,79.878,79.777,79.677,79.575,,,,,,,,,,,,,,,,,,,,,,,,,,,,,,,,,,,,,,,,,,,,,,,,,,,,,,,,,,,,,,,,,,,,,,,,,,,,,,,,,,,,,,,,,,,,,,,,,,,,,,,,,,,,,,,,,,,,,,,,,,,,,,,,,
1096,75.522,75.877,76.872,78.32,79.871,81.319,82.63,83.841,84.992,86.095,87.138,88.112,89.013,89.839,90.587,91.26,91.868,92.429,92.962,93.478,93.987,94.501,95.034,95.591,96.173,96.776,97.4,98.044,98.701,99.366,100.03,100.69,101.33,101.97,102.58,103.18,103.75,104.3,104.82,105.31,105.77,106.21,106.62,107.01,107.38,107.72,108.03,108.32,108.59,108.83,109.05,109.26,109.45,109.64,109.82,110.01,110.2,110.4,110.61,110.82,111.05,111.28,111.51,111.74,111.97,112.2,112.43,112.65,112.87,113.08,113.29,113.49,113.68,113.87,114.05,114.22,114.39,114.55,114.71,114.86,115.01,115.15,115.28,115.42,115.54,115.66,115.78,115.89,116.0,116.1,116.19,116.28,116.36,116.44,116.52,116.58,116.64,116.7,116.75,116.79,116.83,116.87,116.9,116.92,116.95,116.97,116.98,117.0,117.02,117.03,117.05,117.07,117.08,117.11,117.13,117.15,117.18,117.2,117.23,117.26,117.29,117.32,117.35,117.37,117.4,117.42,117.44,117.45,117.46,117.46,117.46,117.45,117.43,117.41,117.37,117.33,117.27,117.21,117.13,117.04,116.94,116.83,116.7,116.55,116.39,116.21,116.01,115.79,115.55,115.28,114.99,114.67,114.33,113.95,113.55,113.11,112.72,112.42,112.08,111.73,111.38,111.03,110.7,110.43,110.25,110.22,110.4,110.81,111.28,111.6,111.7,111.58,111.43,111.26,111.08,110.88,110.67,110.46,110.25,110.05,109.84,109.64,109.45,109.27,109.11,108.96,108.83,108.72,108.63,108.55,108.49,108.44,108.4,108.36,108.31,108.25,108.18,108.11,108.03,107.94,107.85,107.76,107.66,107.56,107.44,107.32,107.19,107.06,106.92,106.77,106.62,106.47,106.32,106.17,106.03,105.89,105.76,105.65,105.54,105.44,105.34,105.25,105.16,105.07,104.98,104.89,104.8,104.71,104.61,104.51,104.41,104.31,104.2,104.09,103.98,103.86,103.75,103.64,103.52,103.41,103.29,103.18,103.06,102.95,102.84,102.73,102.61,102.5,102.38,102.27,102.15,102.03,101.91,101.79,101.67,101.54,101.42,101.29,101.16,101.03,100.89,100.76,100.62,100.48,100.35,100.21,100.07,99.929,99.789,99.65,99.511,99.372,99.235,99.097,98.961,98.825,98.691,98.557,98.422,98.29,98.157,98.025,97.893,97.762,97.63,97.499,97.368,97.237,97.106,96.975,96.844,96.713,96.582,96.451,96.32,96.188,96.057,95.926,95.795,95.664,95.534,95.403,95.272,95.142,95.011,94.882,94.752,94.623,94.494,94.365,94.236,94.107,93.979,93.851,93.723,93.595,93.467,93.339,93.211,93.083,92.955,92.827,92.7,92.572,92.443,92.315,92.187,92.059,91.931,91.802,91.674,91.547,91.419,91.29,91.163,91.036,90.908,90.781,90.654,90.528,90.402,90.276,90.151,90.026,89.901,89.776,89.653,89.529,89.406,89.284,89.161,89.04,88.919,88.797,88.677,88.557,88.437,88.318,88.2,88.081,87.963,87.845,87.728,87.612,87.496,87.38,87.265,87.149,87.036,86.921,86.808,86.695,86.582,86.469,86.358,86.246,86.135,86.024,85.914,85.804,85.695,85.586,85.477,85.368,85.26,85.153,85.046,84.938,84.832,84.726,84.62,84.515,84.409,84.304,84.199,84.095,83.991,83.888,83.784,83.682,83.578,83.476,83.374,83.272,83.171,83.07,82.969,82.868,82.767,82.667,82.567,82.468,82.368,82.269,82.17,82.072,81.973,81.875,81.776,81.679,81.582,81.484,81.387,81.29,81.194,81.097,81.001,80.905,80.81,80.714,80.619,80.524,80.429,80.333,80.239,80.145,80.05,79.956,79.862,79.769,79.675,79.582,79.489,79.395,79.302,79.209,79.117,79.025,78.932,78.84,78.748,78.656,78.565,78.473,78.381,78.29,78.199,78.108,78.017,77.927,77.836,77.746,77.656,77.565,77.475,77.385,77.296,77.206,77.117,77.028,76.938,76.849,76.76,76.672,76.583,76.494,76.406,76.318,76.23,76.142,76.054,75.966,75.878,75.791,75.702,75.612
1469,83.314,83.371,83.832,84.717,85.797,86.861,87.83,88.713,89.541,90.335,91.099,91.82,92.486,93.093,93.644,94.141,94.585,94.987,95.358,95.709,96.049,96.382,96.715,97.056,97.411,97.783,98.166,98.56,98.967,99.386,99.816,100.26,100.7,101.14,101.57,101.99,102.4,102.79,103.17,103.52,103.86,104.18,104.49,104.78,105.05,105.3,105.54,105.76,105.96,106.15,106.31,106.46,106.6,106.73,106.84,106.96,107.07,107.18,107.3,107.43,107.56,107.7,107.85,108.0,108.15,108.31,108.47,108.62,108.78,108.93,109.08,109.23,109.37,109.51,109.64,109.76,109.88,110.0,110.11,110.21,110.32,110.42,110.51,110.61,110.7,110.79,110.88,110.97,111.05,111.13,111.22,111.3,111.38,111.45,111.53,111.6,111.67,111.73,111.79,111.85,111.91,111.96,112.01,112.05,112.1,112.13,112.17,112.2,112.23,112.26,112.29,112.32,112.35,112.38,112.41,112.44,112.47,112.5,112.53,112.56,112.59,112.63,112.66,112.69,112.72,112.75,112.77,112.8,112.81,112.83,112.84,112.84,112.84,112.83,112.81,112.79,112.76,112.72,112.66,112.6,112.53,112.45,112.35,112.24,112.12,111.98,111.83,111.66,111.47,111.26,111.03,110.78,110.51,110.22,109.87,109.63,109.34,109.04,108.74,108.43,108.13,107.88,107.69,107.62,107.73,108.05,108.54,108.97,109.19,109.21,109.09,108.99,108.88,108.75,108.61,108.45,108.29,108.13,107.97,107.8,107.64,107.47,107.32,107.17,107.03,106.91,106.81,106.72,106.65,106.59,106.54,106.51,106.48,106.45,106.41,106.37,106.31,106.26,106.2,106.13,106.06,105.99,105.92,105.84,105.75,105.66,105.56,105.46,105.35,105.23,105.11,104.99,104.87,104.76,104.64,104.53,104.43,104.34,104.26,104.18,104.11,104.04,103.98,103.92,103.86,103.8,103.73,103.67,103.6,103.53,103.46,103.38,103.3,103.22,103.14,103.05,102.96,102.88,102.79,102.7,102.61,102.52,102.44,102.35,102.26,102.18,102.09,102.01,101.93,101.84,101.76,101.68,101.59,101.51,101.42,101.34,101.25,101.16,101.07,100.97,100.88,100.78,100.69,100.59,100.49,100.39,100.29,100.18,100.08,99.98,99.877,99.775,99.673,99.573,99.473,99.373,99.275,99.176,99.08,98.983,98.887,98.791,98.697,98.602,98.508,98.414,98.32,98.225,98.132,98.038,97.943,97.849,97.753,97.659,97.563,97.468,97.372,97.276,97.18,97.084,96.988,96.892,96.796,96.7,96.603,96.507,96.411,96.316,96.221,96.125,96.03,95.935,95.84,95.746,95.651,95.556,95.461,95.367,95.272,95.177,95.083,94.988,94.893,94.798,94.703,94.608,94.512,94.416,94.321,94.225,94.129,94.033,93.937,93.841,93.744,93.648,93.551,93.455,93.359,93.262,93.166,93.07,92.974,92.878,92.783,92.687,92.592,92.497,92.402,92.307,92.213,92.119,92.025,91.931,91.838,91.744,91.651,91.559,91.467,91.374,91.282,91.19,91.099,91.007,90.916,90.826,90.735,90.645,90.555,90.465,90.375,90.286,90.197,90.109,90.02,89.932,89.844,89.756,89.669,89.582,89.495,89.408,89.321,89.235,89.149,89.063,88.977,88.891,88.806,88.722,88.636,88.552,88.467,88.383,88.299,88.215,88.132,88.047,87.964,87.882,87.798,87.716,87.633,87.55,87.469,87.386,87.304,87.223,87.141,87.06,86.979,86.898,86.817,86.737,86.656,86.575,86.495,86.415,86.335,86.256,86.176,86.096,86.018,85.938,85.859,85.78,85.702,85.623,85.545,85.466,85.388,85.31,85.232,85.154,85.077,85.0,84.922,84.845,84.768,84.691,84.614,84.537,84.461,84.384,84.308,84.232,84.155,84.079,84.003,83.928,83.852,83.776,83.7,83.625,83.55,83.475,83.401,83.356,,,,,,,,,,,,,,,,,,,,,,,,,,,,
1518,72.629,72.707,73.401,74.748,76.405,78.042,79.532,80.888,82.158,83.373,84.531,85.618,86.629,87.56,88.407,89.165,89.846,90.471,91.061,91.63,92.189,92.758,93.352,93.979,94.64,95.335,96.061,96.814,97.58,98.345,99.099,99.837,100.56,101.26,101.95,102.61,103.25,103.85,104.42,104.95,105.43,105.88,106.28,106.64,106.96,107.25,107.5,107.71,107.89,108.05,108.18,108.31,108.43,108.54,108.67,108.8,108.94,109.1,109.25,109.42,109.59,109.77,109.95,110.13,110.3,110.47,110.64,110.8,110.95,111.09,111.22,111.34,111.45,111.55,111.64,111.71,111.78,111.83,111.88,111.91,111.93,111.95,111.95,111.95,111.94,111.92,111.89,111.86,111.81,111.77,111.71,111.65,111.59,111.51,111.44,111.35,111.27,111.18,111.08,110.99,110.89,110.79,110.7,110.6,110.5,110.4,110.31,110.22,110.12,110.03,109.94,109.85,109.75,109.65,109.55,109.45,109.33,109.21,109.08,108.94,108.79,108.62,108.43,108.22,107.99,107.73,107.45,107.13,106.78,106.4,105.97,105.5,104.98,104.42,103.84,103.36,102.82,102.27,101.7,101.17,100.71,100.4,100.39,100.81,101.64,102.49,102.93,102.93,102.76,102.59,102.39,102.17,101.91,101.64,101.36,101.08,100.79,100.5,100.21,99.941,99.685,99.449,99.242,99.069,98.929,98.815,98.726,98.658,98.601,98.543,98.472,98.385,98.285,98.177,98.063,97.944,97.82,97.689,97.547,97.391,97.219,97.031,96.828,96.61,96.38,96.141,95.897,95.652,95.413,95.185,94.972,94.777,94.6,94.44,94.295,94.161,94.036,93.916,93.801,93.686,93.573,93.458,93.342,93.223,93.1,92.975,92.848,92.717,92.584,92.45,92.315,92.179,92.043,91.906,91.771,91.637,91.503,91.37,91.238,91.106,90.975,90.843,90.71,90.577,90.443,90.308,90.171,90.032,89.892,89.749,89.604,89.456,89.307,89.154,88.999,88.841,88.683,88.522,88.358,88.195,88.031,87.866,87.701,87.536,87.372,87.209,87.046,86.885,86.724,86.564,86.404,86.246,86.089,85.932,85.775,85.619,85.464,85.307,85.151,84.995,84.838,84.681,84.523,84.365,84.206,84.047,83.887,83.728,83.568,83.408,83.248,83.088,82.928,82.769,82.609,82.451,82.292,82.135,81.978,81.821,81.664,81.508,81.352,81.197,81.041,80.885,80.73,80.574,80.417,80.262,80.105,79.949,79.792,79.635,79.478,79.321,79.163,79.006,78.85,78.692,78.536,78.379,78.223,78.068,77.913,77.759,77.605,77.452,77.3,77.148,76.998,76.847,76.698,76.549,76.401,76.253,76.106,75.96,75.814,75.669,75.525,75.381,75.238,75.095,74.953,74.811,74.67,74.53,74.391,74.252,74.113,73.976,73.839,73.703,73.568,73.433,73.299,73.165,73.032,72.9,72.764,,,,,,,,,,,,,,,,,,,,,,,,,,,,,,,,,,,,,,,,,,,,,,,,,,,,,,,,,,,,,,,,,,,,,,,,,,,,,,,,,,,,,,,,,,,,,,,,,,,,,,,,,,,,,,,,,,,,,,,,,,,,,,,,,,,,,,,,,,,,,,,,,
1698,83.998,84.032,84.483,85.376,86.475,87.557,88.542,89.438,90.276,91.078,91.851,92.58,93.252,93.864,94.417,94.914,95.356,95.754,96.119,96.464,96.797,97.123,97.449,97.783,98.133,98.497,98.876,99.267,99.671,100.09,100.53,100.97,101.42,101.86,102.3,102.74,103.15,103.55,103.94,104.3,104.65,104.98,105.3,105.6,105.89,106.15,106.41,106.64,106.86,107.07,107.26,107.44,107.6,107.75,107.9,108.05,108.19,108.34,108.5,108.66,108.83,109.0,109.17,109.35,109.53,109.7,109.88,110.05,110.21,110.37,110.52,110.67,110.81,110.94,111.07,111.19,111.3,111.41,111.51,111.62,111.72,111.81,111.91,112.01,112.1,112.2,112.3,112.4,112.5,112.6,112.71,112.81,112.91,113.02,113.12,113.22,113.31,113.41,113.5,113.59,113.67,113.75,113.83,113.9,113.97,114.03,114.1,114.16,114.21,114.27,114.32,114.38,114.43,114.49,114.54,114.6,114.65,114.71,114.77,114.82,114.88,114.93,114.98,115.03,115.08,115.12,115.16,115.19,115.21,115.23,115.25,115.25,115.25,115.24,115.21,115.18,115.14,115.09,115.02,114.95,114.86,114.75,114.64,114.51,114.36,114.2,114.02,113.82,113.6,113.36,113.1,112.82,112.51,112.18,111.81,111.51,111.24,110.95,110.65,110.35,110.05,109.77,109.54,109.39,109.37,109.51,109.82,110.17,110.37,110.39,110.25,110.11,109.96,109.79,109.61,109.42,109.23,109.03,108.84,108.64,108.44,108.25,108.06,107.88,107.71,107.55,107.4,107.28,107.16,107.06,106.97,106.89,106.82,106.76,106.69,106.61,106.53,106.44,106.34,106.25,106.15,106.05,105.95,105.85,105.74,105.62,105.5,105.38,105.25,105.12,104.99,104.86,104.73,104.61,104.48,104.37,104.25,104.15,104.05,103.96,103.87,103.78,103.7,103.61,103.53,103.44,103.35,103.25,103.15,103.05,102.94,102.83,102.72,102.6,102.48,102.36,102.23,102.11,101.98,101.86,101.73,101.61,101.48,101.36,101.24,101.11,100.99,100.88,100.76,100.64,100.52,100.4,100.28,100.16,100.04,99.912,99.787,99.66,99.532,99.402,99.271,99.138,99.004,98.869,98.734,98.598,98.461,98.325,98.188,98.052,97.918,97.783,97.65,97.518,97.387,97.258,97.13,97.003,96.877,96.752,96.628,96.504,96.382,96.26,96.138,96.017,95.896,95.776,95.655,95.536,95.415,95.295,95.175,95.055,94.935,94.815,94.695,94.576,94.457,94.338,94.219,94.1,93.982,93.864,93.745,93.628,93.511,93.394,93.277,93.161,93.044,92.927,92.811,92.695,92.579,92.463,92.347,92.231,92.114,91.998,91.882,91.766,91.65,91.534,91.417,91.3,91.184,91.068,90.951,90.834,90.718,90.601,90.484,90.368,90.25,90.133,90.017,89.9,89.783,89.667,89.55,89.433,89.317,89.201,89.085,88.969,88.854,88.738,88.622,88.508,88.393,88.278,88.165,88.051,87.938,87.825,87.712,87.6,87.488,87.376,87.266,87.155,87.045,86.935,86.825,86.716,86.608,86.499,86.391,86.284,86.177,86.07,85.963,85.857,85.751,85.646,85.54,85.436,85.332,85.227,85.124,85.02,84.917,84.814,84.712,84.61,84.508,84.406,84.304,84.204,84.1,,,,,,,,,,,,,,,,,,,,,,,,,,,,,,,,,,,,,,,,,,,,,,,,,,,,,,,,,,,,,,,,,,,,,,,,,,,,,,,,,,,,,,,,,,,,,,,
2027,82.282,82.317,82.824,83.818,85.024,86.203,87.271,88.242,89.15,90.016,90.85,91.646,92.384,93.046,93.632,94.152,94.62,95.042,95.424,95.774,96.104,96.423,96.734,97.041,97.346,97.654,97.97,98.295,98.625,98.963,99.314,99.682,100.07,100.48,100.9,101.32,101.73,102.14,102.52,102.89,103.24,103.57,103.88,104.17,104.45,104.7,104.94,105.15,105.34,105.5,105.63,105.74,105.82,105.87,105.9,105.9,105.89,105.87,105.83,105.8,105.76,105.73,105.71,105.71,105.72,105.75,105.79,105.85,105.93,106.01,106.11,106.21,106.32,106.42,106.53,106.63,106.73,106.82,106.9,106.98,107.04,107.1,107.15,107.19,107.22,107.24,107.26,107.27,107.27,107.28,107.28,107.27,107.27,107.26,107.25,107.25,107.24,107.24,107.24,107.24,107.24,107.24,107.24,107.24,107.25,107.25,107.25,107.24,107.24,107.23,107.21,107.2,107.17,107.14,107.1,107.06,107.0,106.94,106.88,106.8,106.72,106.62,106.52,106.41,106.29,106.16,106.01,105.85,105.68,105.49,105.28,105.05,104.8,104.52,104.21,103.87,103.5,103.15,102.83,102.47,102.11,101.74,101.4,101.12,100.98,101.06,101.46,102.16,102.86,103.25,103.31,103.25,103.2,103.12,103.04,102.94,102.82,102.68,102.53,102.37,102.21,102.05,101.87,101.69,101.51,101.34,101.17,101.0,100.85,100.71,100.59,100.49,100.4,100.32,100.25,100.2,100.15,100.1,100.04,99.969,99.892,99.808,99.717,99.621,99.521,99.417,99.307,99.192,99.069,98.937,98.796,98.647,98.488,98.32,98.146,97.966,97.781,97.594,97.407,97.222,97.042,96.87,96.708,96.556,96.413,96.281,96.158,96.043,95.934,95.831,95.731,95.633,95.538,95.443,95.348,95.253,95.156,95.059,94.96,94.859,94.757,94.653,94.548,94.442,94.336,94.229,94.123,94.017,93.911,93.807,93.705,93.605,93.507,93.411,93.317,93.225,93.135,93.046,92.958,92.871,92.785,92.7,92.615,92.529,92.443,92.356,92.268,92.179,92.088,91.995,91.901,91.805,91.707,91.608,91.506,91.403,91.298,91.193,91.086,90.979,90.87,90.762,90.653,90.545,90.436,90.328,90.22,90.113,90.007,89.901,89.795,89.69,89.586,89.481,89.377,89.273,89.17,89.066,88.963,88.859,88.754,88.649,88.544,88.438,88.331,88.224,88.116,88.008,87.899,87.789,87.679,87.568,87.457,87.346,87.234,87.122,87.01,86.898,86.786,86.674,86.562,86.449,86.337,86.225,86.113,86.001,85.89,85.778,85.667,85.554,85.442,85.33,85.218,85.105,84.993,84.88,84.766,84.653,84.538,84.424,84.309,84.194,84.078,83.962,83.846,83.729,83.613,83.496,83.379,83.261,83.144,83.027,82.91,82.793,82.676,82.56,82.445,82.363,,,,,,,,,,,,,,,,,,,,,,,,,,,,,,,,,,,,,,,,,,,,,,,,,,,,,,,,,,,,,,,,,,,,,,,,,,,,,,,,,,,,,,,,,,,,,,,,,,,,,,,,,,,,,,,,,,,,,,,,,,,,,,,,,,,,,,,,,,,,,,,,,,,,
2053,89.219,89.242,89.58,90.255,91.087,91.908,92.655,93.335,93.972,94.58,95.167,95.727,96.244,96.711,97.13,97.506,97.842,98.143,98.415,98.669,98.912,99.149,99.381,99.614,99.854,100.1,100.36,100.63,100.91,101.19,101.49,101.81,102.13,102.46,102.79,103.11,103.43,103.73,104.03,104.3,104.57,104.82,105.07,105.3,105.51,105.72,105.91,106.08,106.25,106.39,106.53,106.65,106.76,106.86,106.95,107.04,107.13,107.22,107.31,107.41,107.51,107.62,107.73,107.85,107.97,108.09,108.21,108.33,108.45,108.57,108.69,108.79,108.9,108.99,109.08,109.17,109.25,109.32,109.39,109.45,109.52,109.58,109.64,109.69,109.75,109.82,109.88,109.94,110.01,110.08,110.16,110.23,110.31,110.39,110.47,110.55,110.63,110.71,110.79,110.87,110.95,111.02,111.09,111.16,111.22,111.28,111.35,111.4,111.46,111.51,111.57,111.62,111.67,111.72,111.77,111.82,111.86,111.91,111.96,112.0,112.04,112.08,112.12,112.15,112.18,112.2,112.22,112.23,112.23,112.22,112.21,112.18,112.14,112.09,112.03,111.95,111.86,111.75,111.63,111.49,111.32,111.14,110.94,110.71,110.46,110.19,109.97,109.72,109.45,109.18,108.91,108.67,108.47,108.36,108.4,108.64,109.05,109.45,109.67,109.69,109.6,109.51,109.41,109.31,109.19,109.05,108.91,108.75,108.6,108.44,108.28,108.11,107.95,107.78,107.63,107.48,107.34,107.21,107.1,107.0,106.92,106.84,106.78,106.72,106.67,106.61,106.54,106.47,106.4,106.32,106.24,106.16,106.07,105.99,105.9,105.8,105.71,105.61,105.5,105.39,105.28,105.17,105.06,104.95,104.84,104.74,104.64,104.55,104.47,104.4,104.33,104.27,104.21,104.16,104.1,104.05,103.99,103.93,103.87,103.81,103.74,103.67,103.6,103.52,103.44,103.35,103.26,103.18,103.08,102.99,102.9,102.81,102.72,102.63,102.54,102.45,102.37,102.29,102.21,102.13,102.05,101.97,101.89,101.81,101.74,101.66,101.58,101.49,101.41,101.33,101.24,101.15,101.06,100.97,100.87,100.78,100.68,100.58,100.49,100.39,100.29,100.19,100.09,99.994,99.897,99.801,99.706,99.612,99.519,99.427,99.336,99.245,99.155,99.066,98.977,98.889,98.8,98.713,98.625,98.536,98.448,98.359,98.271,98.181,98.092,98.002,97.913,97.823,97.733,97.642,97.552,97.462,97.372,97.282,97.192,97.103,97.013,96.924,96.835,96.746,96.657,96.569,96.481,96.392,96.305,96.216,96.128,96.04,95.952,95.863,95.775,95.686,95.598,95.509,95.421,95.331,95.243,95.153,95.064,94.975,94.886,94.796,94.706,94.617,94.528,94.438,94.348,94.258,94.169,94.08,93.99,93.9,93.811,93.722,93.632,93.543,93.454,93.364,93.275,93.187,93.098,93.01,92.921,92.832,92.745,92.657,92.569,92.481,92.394,92.307,92.22,92.134,92.048,91.961,91.875,91.789,91.704,91.619,91.534,91.449,91.365,91.281,91.196,91.113,91.028,90.944,90.861,90.778,90.695,90.612,90.529,90.446,90.364,90.282,90.199,90.117,90.035,89.953,89.871,89.79,89.708,89.627,89.546,89.465,89.384,89.3,,,,,,,,,,,,,,,,,,,,,,,,,,,,,,,,,,,,,,,,,,,,,,,,,,,,,,,,,,,,,,,,,,,,,,,,,,,,,,,,,,,,,,,,,,,,,,,,,,,,
2229,79.285,79.342,79.827,80.756,81.884,82.988,83.992,84.907,85.765,86.584,87.373,88.128,88.832,89.466,90.03,90.535,90.991,91.404,91.779,92.125,92.451,92.766,93.075,93.377,93.679,93.983,94.292,94.609,94.932,95.261,95.602,95.961,96.341,96.738,97.147,97.559,97.967,98.364,98.745,99.11,99.459,99.797,100.12,100.44,100.74,101.02,101.3,101.55,101.79,102.01,102.22,102.4,102.57,102.71,102.84,102.96,103.06,103.15,103.24,103.32,103.4,103.49,103.59,103.7,103.81,103.94,104.07,104.22,104.37,104.52,104.69,104.85,105.02,105.18,105.34,105.5,105.65,105.79,105.93,106.06,106.19,106.3,106.41,106.51,106.61,106.7,106.79,106.88,106.96,107.04,107.12,107.2,107.28,107.36,107.44,107.52,107.6,107.69,107.77,107.86,107.94,108.03,108.11,108.19,108.28,108.35,108.43,108.5,108.57,108.64,108.7,108.76,108.82,108.87,108.93,108.97,109.02,109.07,109.11,109.15,109.19,109.23,109.28,109.32,109.36,109.4,109.44,109.48,109.52,109.56,109.59,109.62,109.65,109.67,109.69,109.7,109.71,109.7,109.69,109.67,109.64,109.6,109.54,109.47,109.39,109.29,109.18,109.05,108.9,108.74,108.55,108.35,108.12,107.87,107.59,107.3,106.98,106.78,106.52,106.27,106.01,105.74,105.5,105.28,105.14,105.11,105.24,105.54,105.96,106.31,106.46,106.44,106.34,106.24,106.13,106.01,105.88,105.73,105.57,105.41,105.24,105.07,104.9,104.73,104.55,104.38,104.22,104.06,103.91,103.77,103.64,103.53,103.43,103.34,103.27,103.2,103.13,103.07,103.01,102.95,102.87,102.8,102.71,102.63,102.54,102.45,102.36,102.27,102.17,102.06,101.96,101.84,101.73,101.61,101.49,101.36,101.24,101.11,100.99,100.88,100.76,100.65,100.55,100.46,100.38,100.3,100.23,100.16,100.09,100.03,99.966,99.903,99.838,99.773,99.704,99.634,99.56,99.484,99.405,99.323,99.239,99.152,99.063,98.973,98.881,98.789,98.697,98.604,98.511,98.42,98.328,98.239,98.149,98.062,97.975,97.89,97.804,97.719,97.635,97.55,97.465,97.379,97.293,97.205,97.116,97.025,96.933,96.839,96.743,96.646,96.546,96.446,96.343,96.239,96.134,96.028,95.922,95.815,95.707,95.599,95.492,95.384,95.277,95.171,95.065,94.96,94.856,94.753,94.65,94.548,94.447,94.345,94.246,94.145,94.045,93.945,93.846,93.746,93.647,93.547,93.447,93.346,93.246,93.145,93.044,92.942,92.84,92.738,92.635,92.533,92.43,92.328,92.225,92.122,92.02,91.917,91.815,91.713,91.611,91.509,91.407,91.305,91.204,91.103,91.002,90.901,90.8,90.699,90.599,90.498,90.397,90.297,90.196,90.095,89.994,89.893,89.792,89.69,89.588,89.487,89.385,89.283,89.181,89.078,88.976,88.874,88.772,88.669,88.567,88.465,88.363,88.261,88.159,88.058,87.955,87.854,87.753,87.651,87.551,87.45,87.35,87.249,87.149,87.049,86.949,86.85,86.751,86.652,86.554,86.455,86.357,86.26,86.162,86.064,85.967,85.871,85.775,85.678,85.583,85.487,85.392,85.297,85.202,85.109,85.015,84.921,84.828,84.735,84.642,84.55,84.458,84.366,84.275,84.183,84.092,84.001,83.91,83.82,83.73,83.641,83.552,83.462,83.373,83.284,83.196,83.108,83.019,82.931,82.843,82.756,82.669,82.582,82.496,82.41,82.323,82.237,82.151,82.066,81.981,81.896,81.811,81.726,81.642,81.558,81.474,81.391,81.307,81.224,81.141,81.059,80.976,80.894,80.812,80.73,80.648,80.567,80.486,80.405,80.324,80.243,80.163,80.083,80.002,79.923,79.843,79.763,79.685,79.605,79.526,79.447,79.365,,,,,,,,,,,,,,,,,,,,,,,,,,,,,,,,,,,
2261,85.294,85.348,85.832,86.768,87.912,89.038,90.063,90.996,91.87,92.706,93.512,94.28,94.99,95.632,96.208,96.727,97.193,97.613,97.995,98.351,98.693,99.026,99.353,99.681,100.02,100.37,100.73,101.1,101.48,101.88,102.29,102.72,103.17,103.61,104.07,104.51,104.94,105.36,105.76,106.14,106.5,106.85,107.18,107.5,107.81,108.09,108.36,108.62,108.85,109.07,109.27,109.45,109.61,109.77,109.91,110.04,110.17,110.31,110.44,110.59,110.74,110.9,111.08,111.25,111.44,111.62,111.81,112.01,112.2,112.39,112.57,112.76,112.93,113.1,113.27,113.42,113.58,113.72,113.86,113.99,114.12,114.24,114.36,114.48,114.59,114.71,114.82,114.93,115.05,115.16,115.27,115.38,115.5,115.61,115.72,115.83,115.94,116.04,116.15,116.25,116.35,116.44,116.53,116.61,116.69,116.77,116.84,116.9,116.97,117.03,117.09,117.14,117.2,117.25,117.3,117.35,117.41,117.46,117.52,117.57,117.63,117.69,117.74,117.8,117.86,117.91,117.97,118.02,118.07,118.11,118.16,118.19,118.22,118.25,118.27,118.28,118.28,118.28,118.27,118.25,118.22,118.18,118.13,118.07,118.0,117.91,117.82,117.71,117.59,117.46,117.31,117.14,116.96,116.76,116.54,116.3,116.04,115.76,115.45,115.11,114.83,114.58,114.31,114.03,113.74,113.46,113.2,112.97,112.82,112.78,112.92,113.22,113.61,113.92,114.04,113.99,113.86,113.74,113.61,113.46,113.3,113.14,112.96,112.78,112.61,112.43,112.26,112.08,111.91,111.75,111.6,111.46,111.34,111.23,111.13,111.05,110.98,110.92,110.87,110.83,110.78,110.73,110.67,110.6,110.53,110.45,110.37,110.29,110.2,110.11,110.02,109.92,109.81,109.7,109.58,109.46,109.33,109.21,109.08,108.96,108.84,108.72,108.61,108.5,108.41,108.32,108.24,108.16,108.08,108.01,107.94,107.86,107.79,107.71,107.63,107.55,107.46,107.37,107.28,107.18,107.08,106.98,106.88,106.77,106.66,106.55,106.44,106.34,106.23,106.12,106.02,105.91,105.81,105.7,105.6,105.5,105.4,105.3,105.2,105.1,104.99,104.89,104.79,104.68,104.57,104.46,104.35,104.24,104.13,104.01,103.9,103.78,103.66,103.54,103.42,103.3,103.18,103.06,102.94,102.82,102.7,102.59,102.47,102.36,102.24,102.13,102.02,101.91,101.8,101.69,101.58,101.47,101.36,101.25,101.14,101.03,100.92,100.82,100.71,100.6,100.49,100.38,100.27,100.16,100.05,99.936,99.826,99.716,99.605,99.495,99.385,99.275,99.165,99.056,98.947,98.838,98.73,98.621,98.513,98.405,98.297,98.19,98.082,97.974,97.866,97.759,97.651,97.543,97.435,97.327,97.218,97.109,97.001,96.892,96.783,96.673,96.564,96.454,96.344,96.234,96.125,96.014,95.904,95.794,95.684,95.574,95.464,95.354,95.244,95.135,95.025,94.916,94.806,94.697,94.588,94.479,94.371,94.263,94.155,94.048,93.94,93.832,93.726,93.62,93.513,93.407,93.301,93.195,93.09,92.985,92.881,92.776,92.672,92.568,92.465,92.362,92.26,92.158,92.055,91.954,91.852,91.751,91.651,91.55,91.45,91.35,91.251,91.152,91.053,90.954,90.856,90.758,90.66,90.562,90.465,90.368,90.271,90.175,90.078,89.983,89.887,89.792,89.696,89.601,89.507,89.412,89.318,89.224,89.131,89.037,88.944,88.851,88.758,88.666,88.574,88.482,88.39,88.298,88.207,88.116,88.025,87.935,87.844,87.754,87.664,87.574,87.484,87.394,87.306,87.216,87.127,87.038,86.95,86.861,86.773,86.685,86.597,86.51,86.423,86.335,86.248,86.161,86.074,85.987,85.901,85.815,85.728,85.643,85.556,85.47,85.381,,,,,,,,,,,,,,,,,,,,,,,,,,,,,,,,,,,
2563,88.952,88.962,89.276,89.928,90.754,91.579,92.335,93.022,93.663,94.277,94.862,95.415,95.931,96.407,96.834,97.213,97.556,97.874,98.175,98.473,98.778,99.099,99.444,99.817,100.22,100.66,101.11,101.56,102.01,102.45,102.88,103.3,103.71,104.11,104.51,104.89,105.25,105.58,105.9,106.19,106.46,106.71,106.95,107.18,107.4,107.63,107.86,108.1,108.34,108.58,108.82,109.05,109.28,109.5,109.72,109.92,110.1,110.28,110.44,110.59,110.73,110.86,110.98,111.1,111.22,111.33,111.45,111.57,111.7,111.83,111.96,112.09,112.23,112.37,112.51,112.64,112.78,112.9,113.03,113.15,113.26,113.36,113.46,113.55,113.64,113.72,113.79,113.87,113.94,114.01,114.07,114.14,114.21,114.27,114.34,114.41,114.48,114.54,114.61,114.67,114.73,114.78,114.83,114.88,114.92,114.95,114.98,114.99,115.0,115.0,114.99,114.97,114.94,114.9,114.85,114.79,114.71,114.61,114.5,114.38,114.23,114.07,113.88,113.67,113.43,113.17,112.88,112.55,112.21,111.82,111.39,110.94,110.49,110.06,109.68,109.45,109.46,109.82,110.49,111.1,111.33,111.25,111.14,111.0,110.85,110.68,110.49,110.28,110.07,109.86,109.63,109.41,109.2,109.0,108.82,108.67,108.55,108.46,108.4,108.37,108.35,108.31,108.27,108.2,108.13,108.05,107.97,107.89,107.79,107.69,107.58,107.44,107.3,107.15,106.99,106.83,106.67,106.52,106.38,106.25,106.15,106.06,105.98,105.9,105.82,105.74,105.66,105.57,105.47,105.37,105.26,105.14,105.01,104.88,104.74,104.6,104.46,104.32,104.18,104.04,103.91,103.79,103.67,103.55,103.45,103.34,103.24,103.13,103.02,102.92,102.81,102.7,102.58,102.46,102.34,102.22,102.09,101.96,101.83,101.7,101.57,101.45,101.32,101.2,101.08,100.96,100.85,100.74,100.63,100.52,100.41,100.31,100.21,100.1,99.998,99.893,99.789,99.683,99.577,99.469,99.361,99.253,99.144,99.034,98.925,98.815,98.706,98.597,98.489,98.38,98.272,98.165,98.058,97.95,97.843,97.737,97.629,97.522,97.414,97.306,97.198,97.089,96.979,96.869,96.759,96.648,96.537,96.425,96.314,96.202,96.091,95.979,95.866,95.754,95.642,95.53,95.418,95.306,95.194,95.083,94.971,94.86,94.749,94.638,94.528,94.418,94.309,94.199,94.09,93.982,93.875,93.768,93.661,93.555,93.449,93.343,93.239,93.134,93.03,92.927,92.823,92.72,92.617,92.515,92.413,92.31,92.209,92.107,92.006,91.904,91.803,91.702,91.602,91.501,91.401,91.301,91.201,91.102,91.003,90.903,90.804,90.705,90.607,90.508,90.41,90.312,90.214,90.116,90.019,89.921,89.824,89.727,89.63,89.534,89.437,89.34,89.244,89.147,89.049,,,,,,,,,,,,,,,,,,,,,,,,,,,,,,,,,,,,,,,,,,,,,,,,,,,,,,,,,,,,,,,,,,,,,,,,,,,,,,,,,,,,,,,,,,,,,,,,,,,,,,,,,,,,,,,,,,,,,,,,,,,,,,,,,,,,,,,,,,,,,,,,,,,
2586,74.407,74.709,75.603,76.953,78.435,79.837,81.109,82.285,83.4,84.46,85.471,86.43,87.324,88.143,88.889,89.577,90.225,90.857,91.5,92.171,92.886,93.657,94.485,95.359,96.254,97.148,98.026,98.883,99.714,100.52,101.3,102.05,102.77,103.44,104.07,104.66,105.19,105.69,106.14,106.57,106.98,107.38,107.8,108.23,108.67,109.12,109.58,110.04,110.48,110.92,111.34,111.74,112.11,112.46,112.78,113.07,113.34,113.58,113.81,114.01,114.21,114.39,114.57,114.75,114.92,115.08,115.24,115.38,115.52,115.64,115.76,115.86,115.95,116.02,116.09,116.14,116.18,116.2,116.22,116.23,116.23,116.23,116.23,116.22,116.22,116.21,116.21,116.2,116.2,116.2,116.2,116.2,116.21,116.21,116.2,116.2,116.19,116.18,116.16,116.14,116.12,116.08,116.04,115.99,115.94,115.87,115.79,115.71,115.6,115.49,115.35,115.2,115.03,114.83,114.6,114.34,114.05,113.72,113.35,112.92,112.45,111.92,111.34,110.73,110.03,109.28,108.52,107.78,107.15,106.78,106.86,107.6,108.85,109.84,110.16,110.01,109.83,109.61,109.36,109.07,108.76,108.44,108.11,107.77,107.45,107.16,106.91,106.71,106.58,106.51,106.5,106.52,106.54,106.54,106.51,106.44,106.37,106.29,106.19,106.08,105.95,105.77,105.56,105.32,105.06,104.77,104.48,104.19,103.93,103.71,103.53,103.39,103.27,103.16,103.07,102.98,102.88,102.79,102.69,102.58,102.46,102.33,102.19,102.05,101.89,101.74,101.58,101.42,101.27,101.12,100.97,100.83,100.69,100.55,100.4,100.26,100.12,99.972,99.824,99.672,99.516,99.357,99.192,99.024,98.853,98.679,98.502,98.326,98.15,97.976,97.803,97.633,97.465,97.3,97.137,96.977,96.82,96.664,96.509,96.356,96.204,96.051,95.898,95.745,95.59,95.435,95.279,95.122,94.965,94.807,94.649,94.492,94.335,94.179,94.024,93.87,93.718,93.567,93.417,93.267,93.119,92.97,92.823,92.674,92.525,92.375,92.225,92.074,91.922,91.769,91.616,91.463,91.309,91.154,91.0,90.847,90.694,90.541,90.39,90.239,90.089,89.941,89.792,89.645,89.499,89.353,89.208,89.064,88.92,88.776,88.633,88.49,88.347,88.206,88.064,87.923,87.782,87.642,87.502,87.363,87.224,87.086,86.949,86.813,86.676,86.54,86.405,86.271,86.137,86.003,85.87,85.737,85.604,85.471,85.339,85.208,85.077,84.946,84.815,84.685,84.556,84.426,84.297,84.168,84.04,83.912,83.785,83.658,83.532,83.405,83.279,83.154,83.028,82.904,82.779,82.655,82.532,82.409,82.286,82.163,82.041,81.92,81.798,81.677,81.556,81.436,81.316,81.196,81.076,80.957,80.839,80.72,80.602,80.484,80.366,80.248,80.131,80.015,79.898,79.782,79.666,79.55,79.434,79.32,79.205,79.09,78.976,78.862,78.748,78.635,78.521,78.408,78.296,78.183,78.071,77.96,77.848,77.737,77.625,77.515,77.404,77.293,77.184,77.074,76.964,76.855,76.747,76.638,76.529,76.421,76.313,76.206,76.098,75.991,75.884,75.777,75.671,75.565,75.459,75.354,75.248,75.143,75.038,74.933,74.829,74.724,74.62,74.513,,,,,,,,,,,,,,,,,,,,,,,,,,,,,,,,,,,,,,,,,,,,,,,,,,,,,,,,,,,,,,,,,,,,,,,,,,,,,,,,,,,,,,,,,,,,,,,,,,
2754,80.643,80.654,81.021,81.778,82.732,83.682,84.549,85.338,86.075,86.78,87.456,88.095,88.686,89.23,89.721,90.157,90.543,90.895,91.224,91.541,91.853,92.174,92.512,92.872,93.258,93.674,94.118,94.584,95.059,95.532,95.997,96.452,96.902,97.344,97.78,98.205,98.617,99.008,99.376,99.718,100.04,100.33,100.61,100.86,101.11,101.34,101.57,101.79,102.01,102.23,102.46,102.69,102.93,103.17,103.4,103.64,103.87,104.09,104.3,104.51,104.7,104.88,105.04,105.2,105.35,105.48,105.62,105.74,105.87,105.99,106.11,106.24,106.37,106.5,106.64,106.78,106.92,107.06,107.21,107.36,107.5,107.65,107.79,107.93,108.06,108.19,108.31,108.42,108.53,108.63,108.73,108.81,108.9,108.98,109.06,109.13,109.21,109.28,109.36,109.43,109.5,109.58,109.65,109.72,109.8,109.86,109.93,109.99,110.05,110.1,110.15,110.19,110.22,110.25,110.26,110.27,110.27,110.25,110.23,110.19,110.14,110.08,110.01,109.93,109.82,109.71,109.58,109.43,109.26,109.07,108.86,108.63,108.37,108.09,107.77,107.43,107.06,106.68,106.33,105.94,105.54,105.14,104.75,104.41,104.17,104.11,104.31,104.77,105.28,105.54,105.54,105.38,105.23,105.06,104.88,104.68,104.47,104.25,104.02,103.8,103.56,103.33,103.11,102.91,102.71,102.54,102.39,102.27,102.17,102.09,102.03,101.97,101.91,101.84,101.75,101.66,101.56,101.45,101.35,101.23,101.12,100.99,100.85,100.7,100.54,100.38,100.22,100.05,99.887,99.728,99.58,99.444,99.321,99.211,99.109,99.011,98.914,98.815,98.713,98.605,98.491,98.372,98.245,98.112,97.972,97.825,97.674,97.52,97.362,97.203,97.043,96.885,96.729,96.577,96.428,96.285,96.146,96.01,95.878,95.747,95.618,95.488,95.358,95.228,95.095,94.96,94.822,94.682,94.54,94.395,94.248,94.099,93.949,93.798,93.648,93.498,93.35,93.204,93.059,92.918,92.779,92.642,92.508,92.376,92.246,92.119,91.992,91.866,91.741,91.616,91.492,91.368,91.244,91.119,90.993,90.868,90.742,90.615,90.488,90.361,90.234,90.107,89.98,89.853,89.728,89.602,89.476,89.352,89.228,89.103,88.979,88.856,88.732,88.609,88.485,88.361,88.237,88.113,87.988,87.863,87.737,87.611,87.485,87.359,87.232,87.104,86.977,86.85,86.722,86.594,86.467,86.339,86.212,86.085,85.957,85.83,85.703,85.576,85.449,85.323,85.198,85.072,84.946,84.822,84.697,84.573,84.449,84.326,84.204,84.082,83.96,83.839,83.719,83.599,83.481,83.362,83.244,83.126,83.01,82.893,82.777,82.661,82.546,82.432,82.318,82.204,82.091,81.978,81.865,81.753,81.641,81.53,81.418,81.307,81.197,81.086,80.976,80.866,80.755,,,,,,,,,,,,,,,,,,,,,,,,,,,,,,,,,,,,,,,,,,,,,,,,,,,,,,,,,,,,,,,,,,,,,,,,,,,,,,,,,,,,,,,,,,,,,,,,,,,,,,,,,,,,,,,,,,,,,,,,,,,,,,,,,,,,,,,,,,,,,,,,,,,
3433,60.115,60.221,60.881,62.17,63.784,65.404,66.891,68.247,69.52,70.734,71.892,72.997,74.04,75.002,75.881,76.689,77.442,78.166,78.894,79.648,80.449,81.314,82.249,83.242,84.267,85.297,86.317,87.317,88.293,89.243,90.163,91.047,91.889,92.685,93.431,94.126,94.771,95.371,95.936,96.482,97.028,97.59,98.175,98.786,99.42,100.07,100.74,101.41,102.08,102.74,103.39,104.02,104.62,105.18,105.72,106.22,106.69,107.14,107.56,107.95,108.33,108.7,109.06,109.42,109.76,110.1,110.43,110.76,111.07,111.38,111.68,111.96,112.23,112.48,112.72,112.94,113.15,113.35,113.53,113.71,113.88,114.05,114.21,114.37,114.54,114.7,114.86,115.01,115.17,115.32,115.46,115.6,115.74,115.86,115.97,116.08,116.17,116.26,116.33,116.4,116.46,116.51,116.55,116.59,116.63,116.66,116.69,116.71,116.73,116.75,116.76,116.76,116.76,116.75,116.73,116.7,116.66,116.61,116.55,116.48,116.4,116.31,116.2,116.08,115.95,115.8,115.64,115.46,115.27,115.05,114.82,114.56,114.28,113.97,113.63,113.25,112.85,112.4,111.91,111.38,110.81,110.24,109.66,109.05,108.42,107.79,107.18,106.64,106.27,106.16,106.45,107.17,108.03,108.54,108.62,108.36,108.1,107.81,107.5,107.16,106.82,106.47,106.12,105.78,105.47,105.19,104.97,104.79,104.67,104.6,104.55,104.51,104.45,104.36,104.23,104.08,103.92,103.74,103.54,103.32,103.06,102.78,102.47,102.14,101.82,101.49,101.19,100.93,100.7,100.51,100.34,100.19,100.04,99.896,99.747,99.591,99.428,99.253,99.068,98.873,98.669,98.458,98.241,98.021,97.802,97.584,97.371,97.163,96.959,96.759,96.561,96.363,96.164,95.964,95.762,95.558,95.351,95.138,94.923,94.703,94.481,94.256,94.03,93.804,93.579,93.356,93.137,92.921,92.708,92.499,92.294,92.093,91.895,91.699,91.505,91.312,91.12,90.929,90.737,90.544,90.35,90.157,89.962,89.767,89.572,89.377,89.183,88.99,88.799,88.609,88.42,88.234,88.048,87.865,87.682,87.499,87.317,87.136,86.953,86.77,86.587,86.402,86.217,86.032,85.845,85.658,85.471,85.284,85.097,84.91,84.725,84.541,84.358,84.175,83.994,83.814,83.635,83.458,83.281,83.105,82.93,82.756,82.582,82.409,82.237,82.065,81.893,81.723,81.553,81.384,81.215,81.048,80.881,80.715,80.55,80.386,80.223,80.06,79.899,79.738,79.577,79.417,79.258,79.1,78.942,78.785,78.628,78.472,78.316,78.161,78.007,77.852,77.699,77.546,77.394,77.242,77.092,76.941,76.792,76.642,76.494,76.346,76.198,76.052,75.906,75.76,75.615,75.471,75.327,75.184,75.04,74.898,74.757,74.616,74.475,74.335,74.195,74.056,73.918,73.78,73.642,73.505,73.368,73.232,73.097,72.961,72.827,72.692,72.558,72.425,72.292,72.159,72.027,71.895,71.764,71.633,71.502,71.372,71.243,71.113,70.985,70.856,70.728,70.601,70.474,70.347,70.221,70.095,69.97,69.845,69.72,69.596,69.472,69.349,69.226,69.103,68.981,68.859,68.738,68.616,68.496,68.376,68.256,68.136,68.017,67.899,67.781,67.663,67.545,67.428,67.311,67.195,67.079,66.963,66.848,66.733,66.619,66.505,66.391,66.277,66.164,66.052,65.939,65.827,65.716,65.604,65.494,65.383,65.273,65.163,65.054,64.944,64.836,64.727,64.619,64.512,64.404,64.297,64.191,64.084,63.979,63.873,63.768,63.663,63.558,63.454,63.35,63.247,63.144,63.041,62.938,62.836,62.735,62.633,62.532,62.431,62.331,62.231,62.131,62.032,61.933,61.834,61.735,61.637,61.54,61.442,61.345,61.248,61.152,61.056,60.96,60.865,60.77,60.675,60.581,60.487,60.393,60.3,60.208,60.161,,,,,,,,,,,,,,,,,,,,,,,,,,
3626,71.379,71.623,72.398,73.584,74.887,76.116,77.229,78.253,79.223,80.154,81.041,81.873,82.649,83.357,83.989,84.556,85.075,85.562,86.033,86.507,87.003,87.53,88.097,88.715,89.382,90.086,90.806,91.522,92.223,92.907,93.576,94.233,94.879,95.51,96.119,96.698,97.241,97.746,98.212,98.645,99.051,99.439,99.817,100.2,100.59,100.99,101.42,101.87,102.33,102.8,103.27,103.75,104.22,104.69,105.15,105.58,106.0,106.4,106.78,107.13,107.47,107.79,108.09,108.38,108.67,108.96,109.24,109.53,109.82,110.11,110.41,110.71,111.01,111.31,111.61,111.9,112.19,112.46,112.73,112.99,113.23,113.46,113.68,113.89,114.09,114.28,114.47,114.65,114.83,115.01,115.18,115.36,115.53,115.71,115.88,116.05,116.21,116.37,116.53,116.67,116.81,116.95,117.07,117.18,117.28,117.38,117.46,117.53,117.6,117.66,117.71,117.75,117.79,117.82,117.84,117.86,117.87,117.88,117.89,117.88,117.87,117.86,117.84,117.81,117.77,117.73,117.68,117.61,117.55,117.47,117.38,117.28,117.18,117.06,116.94,116.8,116.66,116.51,116.34,116.16,115.98,115.78,115.56,115.33,115.09,114.82,114.54,114.24,113.92,113.58,113.21,112.82,112.4,111.96,111.5,111.12,110.72,110.31,109.88,109.47,109.07,108.73,108.48,108.38,108.5,108.87,109.33,109.67,109.76,109.62,109.42,109.19,108.96,108.71,108.45,108.18,107.91,107.64,107.37,107.11,106.87,106.64,106.44,106.26,106.11,105.99,105.89,105.79,105.69,105.58,105.44,105.29,105.12,104.95,104.76,104.57,104.36,104.14,103.91,103.66,103.41,103.15,102.89,102.63,102.39,102.16,101.94,101.75,101.57,101.39,101.22,101.05,100.88,100.7,100.52,100.33,100.13,99.923,99.712,99.495,99.274,99.05,98.825,98.601,98.379,98.16,97.946,97.737,97.534,97.336,97.141,96.949,96.758,96.568,96.376,96.183,95.989,95.792,95.593,95.39,95.186,94.98,94.773,94.565,94.356,94.149,93.944,93.741,93.541,93.344,93.151,92.961,92.774,92.591,92.41,92.231,92.054,91.878,91.703,91.528,91.354,91.179,91.004,90.828,90.651,90.475,90.297,90.119,89.941,89.763,89.585,89.408,89.231,89.056,88.88,88.706,88.532,88.36,88.188,88.016,87.845,87.673,87.502,87.331,87.159,86.987,86.814,86.641,86.468,86.294,86.119,85.945,85.77,85.595,85.421,85.247,85.073,84.899,84.726,84.554,84.382,84.211,84.042,83.872,83.704,83.537,83.37,83.204,83.04,82.876,82.712,82.55,82.389,82.228,82.068,81.91,81.752,81.594,81.439,81.283,81.129,80.975,80.822,80.67,80.519,80.368,80.218,80.069,79.92,79.773,79.625,79.478,79.332,79.186,79.041,78.897,78.752,78.609,78.466,78.322,78.181,78.039,77.898,77.757,77.617,77.477,77.338,77.199,77.061,76.923,76.786,76.65,76.513,76.378,76.242,76.107,75.972,75.838,75.704,75.571,75.437,75.305,75.173,75.041,74.909,74.778,74.648,74.518,74.388,74.259,74.13,74.001,73.873,73.745,73.618,73.491,73.364,73.238,73.112,72.987,72.862,72.737,72.612,72.488,72.364,72.241,72.118,71.995,71.872,71.75,71.627,71.503,,,,,,,,,,,,,,,,,,,,,,,,,,,,,,,,,,,,,,,,,,,,,,,,,,,,,,,,,,,,,,,,,,,,,,,,,,,,,,,,,,,,,,,,,,,,,,
3795,71.745,71.772,72.136,72.876,73.81,74.746,75.602,76.381,77.109,77.804,78.474,79.109,79.7,80.245,80.738,81.176,81.568,81.927,82.267,82.595,82.928,83.275,83.644,84.044,84.478,84.949,85.448,85.96,86.471,86.974,87.466,87.949,88.426,88.897,89.358,89.804,90.228,90.625,90.994,91.337,91.651,91.938,92.203,92.453,92.695,92.937,93.182,93.431,93.683,93.936,94.188,94.435,94.677,94.912,95.138,95.354,95.558,95.75,95.932,96.103,96.264,96.418,96.564,96.704,96.842,96.976,97.112,97.249,97.389,97.533,97.678,97.826,97.974,98.122,98.268,98.411,98.55,98.684,98.811,98.93,99.042,99.145,99.241,99.328,99.409,99.485,99.557,99.626,99.695,99.762,99.83,99.901,99.971,100.04,100.11,100.19,100.26,100.32,100.38,100.44,100.48,100.52,100.55,100.56,100.55,100.53,100.49,100.43,100.35,100.25,100.11,99.95,99.758,99.529,99.266,98.961,98.615,98.258,97.799,97.292,96.757,96.221,95.73,95.369,95.289,95.656,96.556,97.472,97.878,97.84,97.752,97.635,97.503,97.35,97.172,96.963,96.736,96.502,96.249,95.974,95.701,95.441,95.191,94.962,94.774,94.627,94.514,94.44,94.4,94.37,94.327,94.261,94.176,94.082,93.985,93.887,93.783,93.667,93.535,93.382,93.211,93.024,92.825,92.618,92.408,92.203,92.014,91.849,91.713,91.605,91.518,91.442,91.371,91.3,91.228,91.15,91.066,90.973,90.871,90.759,90.638,90.508,90.371,90.229,90.083,89.936,89.791,89.651,89.519,89.395,89.28,89.173,89.073,88.979,88.886,88.796,88.705,88.612,88.516,88.417,88.313,88.203,88.088,87.967,87.841,87.711,87.578,87.443,87.307,87.172,87.038,86.907,86.779,86.654,86.533,86.415,86.3,86.188,86.078,85.969,85.862,85.755,85.647,85.539,85.429,85.317,85.204,85.089,84.971,84.852,84.732,84.611,84.489,84.368,84.246,84.126,84.006,83.887,83.769,83.653,83.538,83.423,83.31,83.197,83.083,82.97,82.856,82.742,82.626,82.51,82.392,82.273,82.154,82.034,81.912,81.791,81.669,81.546,81.424,81.301,81.18,81.058,80.936,80.816,80.696,80.576,80.457,80.338,80.22,80.102,79.985,79.868,79.75,79.634,79.519,79.402,79.287,79.172,79.058,78.943,78.829,78.716,78.604,78.492,78.381,78.269,78.159,78.05,77.94,77.832,77.723,77.616,77.508,77.4,77.294,77.186,77.08,76.973,76.867,76.761,76.655,76.549,76.444,76.339,76.234,76.129,76.025,75.921,75.818,75.715,75.612,75.51,75.409,75.307,75.206,75.105,75.005,74.905,74.805,74.706,74.607,74.508,74.409,74.311,74.213,74.115,74.018,73.921,73.824,73.728,73.632,73.536,73.441,73.346,73.252,73.158,73.064,72.97,72.877,72.784,72.692,72.599,72.507,72.416,72.324,72.233,72.142,72.051,71.961,71.871,71.808,,,,,,,,,,,,,,,,,,,,,,,,,,,,,,,,,,,,,,,,,,,,,,,,,,,,,,,,,,,,,,,,,,,,,,,,,,,,,,,,,,,,,,,,,,,,,,,,,,,,,,,,,,,,,,,,,,,,,,,,,,,,,,,,,,,,,,,
